<project name="ILSSils.sfcBuilder" basedir="../" default="BuildAndInstallModule">

	<import file="${basedir}/sfc-build/build.xml"/>


	<property name="version.build" value="10" />	
	<!-- Change version.beta value to "" for release builds -->
	<property name="version.beta" value="-development" />
	<property name="root.dir" value="${basedir}/../.." />
	<property name="common.jar.name" value="ils-common.jar" />
	<property name="common.bin.dir" value="${root.dir}/ils-common/bin" />
	<property name="common.src.dir" value="${root.dir}/ils-common/ILS_Common/src" />
	<property name="ils.sfc.version" value="1.1.4.${version.build}" />
	<property name="ils.sfc.name" value="ILS-SFC" />
	<property name="ils.sfc.release" value="0.5" />
	<property name="ils.sfc.description" value="ILS SFC Customizations" />
	<property name="jar.dir" value="${root.dir}/external/lib" />
	<property name="sdk.dir" value="${root.dir}/ignition-78/lib" />
	<property name="ant.build.javac.source" value="1.8"/>
	<property name="ant.build.javac.target" value="1.8"/>
		
	
	<!-- For the steps -->
	<path id="CustomSteps.classpath">
		<path refid="ExternalJar.classpath" />
		<path refid="Ignition_SDK.classpath" />
		<fileset dir="${basedir}/sfc-build/bin/${ils.sfc.name}_Common/dist/" includes="*.jar" />
	</path>
	
	<!-- The gateway, designer and clients depend on the Common -->
	<path id="sfc.common.classpath">
		<path refid="ExternalJar.classpath" />
		<path refid="Ignition_SDK.classpath" />
	</path>
		
	<!-- Gateway jar classpath -->
	<path id="sfc.gateway.classpath">
		<fileset dir="${basedir}/sfc-build/bin/${ils.sfc.name}_Common/dist/" includes="*.jar" />
		<path refid="ExternalJar.classpath" />
		<path refid="Ignition_SDK.classpath" />
	</path>	
	<!-- Client jar classpath -->
	<path id="sfc.client.classpath">
		<fileset dir="${basedir}/sfc-build/bin/${ils.sfc.name}_Common/dist/" includes="*.jar" />
		<path refid="ExternalJar.classpath" />
		<path refid="Ignition_SDK.classpath" />
	</path>
	
	<!-- Designer jar classpath -->
	<path id="sfc.designer.classpath">
		<fileset dir="${basedir}/sfc-build/bin/${ils.sfc.name}_Common/dist/" includes="*.jar" />
		<fileset dir="${basedir}/sfc-build/bin/${ils.sfc.name}_Client/dist/" includes="*.jar" />
		<path refid="ExternalJar.classpath" />
		<path refid="Ignition_SDK.classpath" />
	</path>

	
	<!-- This target will build the toolkit module and deploy it to the local Ignition gateway -->
		<target name="BuildAndInstallModule" depends="clean, build, deploy" />
	
	<!-- Cleans all previously built files (leaves doc) -->
	<target name="clean" description="Remove existing build products" >
		<delete dir="${basedir}/sfc-build/bin" />
		<delete file="${basedir}/sfc-build/modules/${ils.sfc.name}-module-unsigned.modl" />
		<delete dir="${basedir}/sfc-build/release" />
		<delete dir="${basedir}/sfc-build/temp_modl" />   
	</target>
	
	<!-- Compile the Common library -->
	<target name="common.build" description="Compile the source">
		<echo  message="Using Java version ${ant.java.version}."/>
		<mkdir dir="${common.bin.dir}/images"/>
		<javac destdir="${common.bin.dir}" debug="true" target="1.8" includeantruntime="false">
			<src path="${common.src.dir}"/>
			<classpath refid="sfc.common.classpath"/>
		</javac>
		<copy todir="${common.bin.dir}/images" >
			<fileset dir="${common.src.dir}/images"/>
		</copy>
	</target>
	<target name ="common.jar" description="Create a jar for the ILS Common library">
	    <jar destfile="${jar.dir}/${common.jar.name}" includes="**/*.class,**/*.png" basedir="${common.bin.dir}"/>
	</target>
	
	<!-- Builds the toolkit module jars and the final .modl file -->
	<target name="build" depends="common.build,common.jar" description="Compile the source">
		<echo message="${ils.sfc.name} ${ils.sfc.version}" />	
		<delete dir="${basedir}/sfc-build/temp_modl" />	
		
		<!-- build.date and version.build are both defined in build.xml -->
		<echo message="Build date: ${build.date}" />
		<echo message="Build version: ${version.build}" />	

		<!-- sfc-common jar -->
		<antcall target="MakeProject">
			<param name="modName" value="${ils.sfc.name}_Common" />
			<param name="sourceDirFolder" value="sfc-common" />
			<param name="jarName" value="ils-sfc-common" />
			<param name="javacSource" value="1.7" />
			<param name="module.build.classpath" value="sfc.common.classpath"/>
		</antcall>
		<!-- sfc-gateway jar -->
		<antcall target="MakeProject">
			<param name="modName" value="${ils.sfc.name}_Gateway" />
			<param name="sourceDirFolder" value="sfc-gateway" />
			<param name="jarName" value="ils-sfc-gateway" />
			<param name="javacSource" value="1.8" />
			<param name="[replace]sfc.gateway.properties:Meta.Version" value="${version.build}" />
			<param name="[replace]sfc.gateway.properties:Meta.ReleaseDate" value="${build.date}" />
			<param name="module.build.classpath" value="sfc.gateway.classpath"/>
		</antcall>

		<!--sfc-client jar -->
		<antcall target="MakeProject">
			<param name="modName" value="${ils.sfc.name}_Client" />
			<param name="sourceDirFolder" value="sfc-client" />
			<param name="jarName" value="ils-sfc-client" />
			<param name="javacSource" value="1.8" />
			<param name="module.build.classpath" value="sfc.client.classpath"/>
		</antcall>
		
		<!-- sfc-designer jar -->
		<antcall target="MakeProject">
			<param name="modName" value="${ils.sfc.name}_Designer" />
			<param name="sourceDirFolder" value="sfc-designer" />
			<param name="jarName" value="ils-sfc-designer" />
			<param name="javacSource" value="1.8" />
			<param name="module.build.classpath" value="sfc.designer.classpath"/>
		</antcall>
		
		<!-- Create .modl file -->
		<echo message="Making ${ils.sfc.name} modl" />

		<mkdir dir="${basedir}/sfc-build/temp_modl" />
		<mkdir dir="${basedir}/sfc-build/modules" />
		

		<copy file="${basedir}/sfc-build/module-ils-sfc.xml" tofile="${basedir}/sfc-build/temp_modl/module.xml" overwrite="true" />

		<replace file="${basedir}/sfc-build/temp_modl/module.xml" token="@NAME@" value="${ils.sfc.name}" />
		<replace file="${basedir}/sfc-build/temp_modl/module.xml" token="@DESCRIPTION@" value="${ils.sfc.description}" />
		<replace file="${basedir}/sfc-build/temp_modl/module.xml" token="@VERSION@" value="${ils.sfc.version}" />

		<!-- Pack200 and then copy the designer, client jars -->
		<pack200 src="${basedir}/sfc-build/bin/${ils.sfc.name}_Client/dist/ils-sfc-client.jar" destfile="${basedir}/sfc-build/temp_modl/ils-sfc-client.jar.pack.gz" gzipoutput="true" configfile="${p200props}" />
		<pack200 src="${basedir}/sfc-build/bin/${ils.sfc.name}_Designer/dist/ils-sfc-designer.jar" destfile="${basedir}/sfc-build/temp_modl/ils-sfc-designer.jar.pack.gz" gzipoutput="true" configfile="${p200props}" />
		<pack200 src="${basedir}/sfc-build/bin/${ils.sfc.name}_Common/dist/ils-sfc-common.jar" destfile="${basedir}/sfc-build/temp_modl/ils-sfc-common.jar.pack.gz" gzipoutput="true" configfile="${p200props}" />
		<pack200 src="${root.dir}/external/lib/ils-common.jar" destfile="${basedir}/sfc-build/temp_modl/ils-common.jar.pack.gz" gzipoutput="true" configfile="${p200props}" />
		<pack200 src="${root.dir}/external/lib/jackson-core-2.2.3.jar" destfile="${basedir}/sfc-build/temp_modl/jackson-core-2.2.3.jar.pack.gz" gzipoutput="true" configfile="${p200props}" />
		<pack200 src="${root.dir}/external/lib/jackson-databind-2.2.3.jar" destfile="${basedir}/sfc-build/temp_modl/jackson-databind-2.2.3.jar.pack.gz" gzipoutput="true" configfile="${p200props}" />
		<pack200 src="${root.dir}/external/lib/jackson-annotations-2.2.3.jar" destfile="${basedir}/sfc-build/temp_modl/jackson-annotations-2.2.3.jar.pack.gz" gzipoutput="true" configfile="${p200props}" />
		<pack200 src="${jar.dir}/${common.jar.name}" destfile="${basedir}/sfc-build/temp_modl/ils-common.jar.pack.gz" gzipoutput="true" configfile="${p200props}" />
		<pack200 src="${root.dir}/external/lib/lucene-1.4.3.jar" destfile="${basedir}/sfc-build/temp_modl/lucene-1.4.3.jar.pack.gz" gzipoutput="true" configfile="${p200props}" />
		<pack200 src="${root.dir}/external/lib/prefuse-1.0.1.jar" destfile="${basedir}/sfc-build/temp_modl/prefuse-1.0.1.jar.pack.gz" gzipoutput="true" configfile="${p200props}" />

		
		<!-- Copy gateway jar -->
		<copy file="${basedir}/sfc-build/bin/${ils.sfc.name}_Gateway/dist/ils-sfc-gateway.jar" todir="${basedir}/sfc-build/temp_modl/" />
		<copy file="${basedir}/sfc-build/bin/${ils.sfc.name}_Common/dist/ils-sfc-common.jar" todir="${basedir}/sfc-build/temp_modl/" />
		
		<!-- Copy dependent jars -->
		<copy file="${root.dir}/external/lib/ils-common.jar" todir="${basedir}/sfc-build/temp_modl/" />
		<copy file="${basedir}/../../external/lib/commons-math3-3.1.1.jar" todir="${basedir}/sfc-build/temp_modl/" />
		<copy file="${basedir}/../../external/lib/jackson-databind-2.2.3.jar" todir="${basedir}/sfc-build/temp_modl/" />
		<copy file="${basedir}/../../external/lib/jackson-core-2.2.3.jar" todir="${basedir}/sfc-build/temp_modl/" />
		<copy file="${basedir}/../../external/lib/jackson-annotations-2.2.3.jar" todir="${basedir}/sfc-build/temp_modl/" />
		<copy file="${jar.dir}/${common.jar.name}" todir="${basedir}/sfc-build/temp_modl/" />

		<!-- Copy license file and javadoc into the bundle -->
		<mkdir dir="${basedir}/sfc-build/doc" />
		<copy file="${basedir}/sfc-build/license.html" todir="${basedir}/sfc-build/temp_modl/" />
		<copy todir="${basedir}/sfc-build/temp_modl/doc">
		    <fileset dir="${basedir}/sfc-build/doc"/>
		</copy>
		<!-- Echo the version into .version in the bundle and to be saved -->
		<echo message="${ils.sfc.name}-${ils.sfc.version}" file="${basedir}/sfc-build/temp_modl/.version" append="false"/>
		<echo message="${ils.sfc.name}-${ils.sfc.name}:${ils.sfc.release}" file="${basedir}/sfc-build/.version" append="false"/>
		
		<!-- Zip it all up -->
		<zip zipfile="${basedir}/sfc-build/modules/${ils.sfc.name}-module-unsigned.modl" basedir="${basedir}/sfc-build/temp_modl" />
	</target>

	<!-- Installs ILS-SFC module in local Ignition gateway. Note that the gateway must be running in developer mode for this to succeed. -->
	<target name="deploy" depends="build,python.jars" >
		<echo message="Installing ${ils.sfc.name} on Ignition Gateway." />
		<postmodule posturl="${local.gateway.url}" modulefile="${basedir}/sfc-build/modules/${ils.sfc.name}-module-unsigned.modl" />
	</target>
	
	<!-- Install jar files that are necessary for the Python scripts -->
	<target name="python.jars" >
		<echo message="Copying jar files from external to ${ignition.py.lib}" />
		<copy todir="${ignition.py.lib}/../../lib/core/common">
			<fileset dir="${jar.dir}">
				<include name="jackson*.jar" />
				<include name="ils-common.jar" />
			</fileset>
		</copy>
		<copy todir="${ignition.py.lib}/../../lib/core/gateway">
			<fileset dir="${jar.dir}">
				<include name="commons-math3-3.1.1.jar" />
				
			</fileset>
		</copy>
	</target>
</project>

