<project name="SFCMigratorBuilder" basedir="../" default="BuildMigrationApplication">

	<import file="${basedir}/sfc-build/build.xml"/>

	<property name="root.dir" value="${basedir}/../.." />
	<property name="jar.dir" value="${root.dir}/external/lib" />
	<property name="sdk.dir" value="${root.dir}/ignition-78/lib" />
	<property name="common.jar.name" value="ils-common.jar" />
	<property name="common.bin.dir" value="${root.dir}/common/workspace/ILS_Common/bin" />
	<property name="common.src.dir" value="${root.dir}/common/workspace/ILS_Common/src" />
	<property name="migration.jar.name" value="sfc-migration.jar" />
	<property name="migration.bin.dir" value="${root.dir}/sfc/workspace/sfc-migration/bin" />
	<property name="migration.src.dir" value="${root.dir}/sfc/workspace/sfc-migration/src" />
	<property name="ant.build.javac.source" value="1.7"/>
	<property name="ant.build.javac.target" value="1.7"/>
	
	<!-- Common jar classpath -->
	<!-- The gateway, designer and clients depend on the Common -->
	<path id="sfc-common.classpath">
		<path refid="Ignition_SDK.classpath" />
		<path refid="ExternalJar.classpath" />
	</path>
		
	<!-- Migration jar classpath -->
	<path id="sfc-migration.classpath">
		<path refid="sfc-common.classpath" />
		<fileset dir="${basedir}/sfc-build/bin/ILS-SFC_Common/dist/" includes="*.jar" />
		<fileset dir="${basedir}/sfc-build/bin/ILS-SFC_Designer/dist/" includes="*.jar" />
	</path>
	
	<!-- This target will build the jar and deploy it to the external library area -->
	<target name="BuildMigrationApplication" depends="clean, build" />
	
	<!-- Clean Migration -->
		<target name="clean" >
			<mkdir dir="${jar.dir}"/>
			<mkdir dir="${migration.bin.dir}"/>
			<delete file="${jar.dir}/${migration.jar.name}" />
			<delete>
			    <fileset dir="${migration.bin.dir}">
			        <include name="**/*.class"/>
			    </fileset>
			</delete>
		</target>
	
	<!-- Compile the Migration Tools -->
	<target name="migration.build" description="Compile the Converter tool">
		<mkdir dir="${migration.bin.dir}"/>
		<javac destdir="${migration.bin.dir}" debug="true" includeantruntime="false">
			<src path="${migration.src.dir}"/>
			<classpath refid="sfc-migration.classpath"/>
		</javac>
	</target>
	<!-- Build the migration jar with all necessary embedded jars -->
	<target name ="build" depends="migration.build" description="Create a jar for the Migration tool">
		<jar destfile="${jar.dir}/${migration.jar.name}" includes="**/*.class" basedir="${migration.bin.dir}">
		    <zipgroupfileset dir="${jar.dir}" includes="sqlite-jdbc*.jar"/>
			<zipgroupfileset dir="${jar.dir}" includes="commons-lang3-*.jar"/>
			<zipgroupfileset dir="${jar.dir}" includes="commons-math*.jar"/>
			<zipgroupfileset dir="${sdk.dir}" includes="ignition-common.jar"/>
			<zipgroupfileset dir="${sdk.dir}" includes="sfc-common.jar"/>
			<zipgroupfileset dir="${sdk.dir}" includes="designer-api.jar"/>
			<zipgroupfileset dir="${sdk.dir}" includes="client-api.jar"/>
			<zipgroupfileset dir="${jar.dir}" includes="ils-common.jar"/>
			<zipgroupfileset dir="${jar.dir}" includes="jackson-annotations-2.2.3.jar"/>
			<zipgroupfileset dir="${jar.dir}" includes="jackson-core-2.2.3.jar"/>
			<zipgroupfileset dir="${jar.dir}" includes="jackson-databind-2.2.3.jar"/>
			<zipgroupfileset dir="${jar.dir}" includes="jide*.jar"/>
			<zipgroupfileset dir="${jar.dir}" includes="log4j*.jar"/>
			<zipgroupfileset dir="${jar.dir}" includes="slf4j*.jar"/>
			<zipgroupfileset dir="${basedir}/sfc-build/bin/ILS-SFC_Common/dist/" includes="*.jar"/>
			<zipgroupfileset dir="${basedir}/sfc-build/bin/ILS-SFC_Designer/dist/" includes="*.jar"/>
		</jar>
	</target>	

</project>
