<?xml version="1.0" encoding="UTF-8"?>
<modules>
	<module>
		<id>com.ils.sfc</id>
		<name>@NAME@</name>
		<description>@DESCRIPTION@</description>
		<version>@VERSION@</version>
		<license>license.html</license>
		<requiredignitionversion>7.8.0</requiredignitionversion>
		<requiredframeworkversion>7</requiredframeworkversion>
		<freemodule>true</freemodule>
		<documentation>index.html</documentation>

		<!-- Add the module dependencies for each scope -->
		<depends scope="G">com.inductiveautomation.sfc</depends>
		<depends scope="C">com.inductiveautomation.sfc</depends>
		<depends scope="D">com.inductiveautomation.sfc</depends>
		
		<!-- Load in our jars for each scope -->
		<jar scope="CD">ils-sfc-client.jar.pack.gz</jar>
		<jar scope="D">ils-sfc-designer.jar.pack.gz</jar>
		<jar scope="CD">ils-sfc-common.jar.pack.gz</jar>
		<jar scope="CD">jackson-databind-2.2.3.jar.pack.gz</jar>
		<jar scope="CD">jackson-core-2.2.3.jar.pack.gz</jar>
		<jar scope="CD">jackson-annotations-2.2.3.jar.pack.gz</jar>
		<jar scope="CD">ils-common.jar.pack.gz</jar>
		<jar scope="CD">lucene-1.4.3.jar.pack.gz</jar>
		<jar scope="CD">prefuse-1.0.1.jar.pack.gz</jar>
		<jar scope="G">ils-sfc-gateway.jar</jar>
		<jar scope="G">ils-sfc-common.jar</jar>
		<jar scope="G">commons-math3-3.1.1.jar</jar>
		<jar scope="G">jackson-databind-2.2.3.jar</jar>
		<jar scope="G">jackson-core-2.2.3.jar</jar>
		<jar scope="G">jackson-annotations-2.2.3.jar</jar>
		<jar scope="G">ils-common.jar</jar>
		
		<!-- Tell the Gateway/Designer/Client where to find the hooks -->
		<hook scope="G">com.ils.sfc.gateway.IlsSfcGatewayHook</hook>
		<hook scope="D">com.ils.sfc.designer.IlsSfcDesignerHook</hook>
		<hook scope="C">com.ils.sfc.client.IlsSfcClientHook</hook>
	</module>
</modules>
